DataHora;Brasnorte;Brasnorte;Brasnorte;Brasnorte;Brasnorte;Brasnorte;Brasnorte;Brasnorte;Brasnorte;Brasnorte;Brasnorte;Brasnorte;Brasnorte;Brasnorte;Brasnorte;Brasnorte;Barra do Peixe;Barra do Peixe;Barra do Peixe;Barra do Peixe;Barra do Peixe;Barra do Peixe;Barra do Peixe;Barra do Peixe;Barra do Peixe;Barra do Peixe;Barra do Peixe;Barra do Peixe;Barra do Peixe;Barra do Peixe;Barra do Peixe;Barra do Peixe;BP Terciario;BP Terciario;BP Terciario;BP Terciario;Canarana;Canarana;Canarana;Canarana;Canarana;Canarana;Canarana;Canarana;Canarana;Canarana;Canarana;Canarana;Canarana;Canarana;Canarana;Canarana;Couto Magalhaes;Couto Magalhaes;Couto Magalhaes;Couto Magalhaes;Couto Magalhaes;Couto Magalhaes;Couto Magalhaes;Couto Magalhaes;Couto Magalhaes;Couto Magalhaes;Couto Magalhaes;Couto Magalhaes;Couto Magalhaes;Couto Magalhaes;Couto Magalhaes;Couto Magalhaes;Coxipo;Coxipo;Coxipo;Coxipo;Coxipo;Coxipo;Coxipo;Coxipo;Coxipo;Coxipo;Coxipo;Coxipo;Coxipo;Coxipo;Coxipo;Coxipo;Coxipo;Coxipo;Coxipo;Coxipo;Coxipo;Coxipo;Coxipo;Coxipo;Coxipo;Coxipo;Coxipo;Coxipo;Coxipo;Coxipo;Coxipo;Coxipo;Coxipo;Coxipo;Coxipo;Coxipo;Coxipo;Coxipo;Coxipo;Coxipo;Coxipo;Coxipo;Coxipo;Coxipo;Coxipo;Coxipo;Coxipo;Coxipo;Dardanelos;Dardanelos;Dardanelos;Dardanelos;Dardanelos;Dardanelos;Dardanelos;Dardanelos;Juba;Juba;Juba;Juba;Juba;Juba;Juba;Juba;Jaciara ;Jaciara ;Jaciara ;Jaciara ;Jaciara ;Jaciara ;Jaciara ;Jaciara ;Jaciara ;Jaciara ;Jaciara ;Jaciara ;Jaciara ;Jaciara ;Jaciara ;Jaciara ;Jauru ;Jauru ;Jauru ;Jauru ;Jauru ;Jauru ;Jauru ;Jauru ;Jauru ;Jauru ;Jauru ;Jauru ;Jauru ;Jauru ;Jauru ;Jauru ;Juina;Juina;Juina;Juina;Juina;Juina;Juina;Juina;Lucas do Rio Verde;Lucas do Rio Verde;Lucas do Rio Verde;Lucas do Rio Verde;Lucas do Rio Verde;Lucas do Rio Verde;Lucas do Rio Verde;Lucas do Rio Verde;Nobres;Nobres;Nobres;Nobres;Nobres;Nobres;Nobres;Nobres;Nobres;Nobres;Nobres;Nobres;Nobres;Nobres;Nobres;Nobres;Nova Mutum;Nova Mutum;Nova Mutum;Nova Mutum;Nova Mutum;Nova Mutum;Nova Mutum;Nova Mutum;Nova Mutum;Nova Mutum;Nova Mutum;Nova Mutum;Nova Mutum;Nova Mutum;Nova Mutum;Nova Mutum;Nova Mutum;Nova Mutum;Nova Mutum;Nova Mutum;Nova Mutum;Nova Mutum;Nova Mutum;Nova Mutum;Paranaita ;Paranaita ;Paranaita ;Paranaita ;Petrovina;Petrovina;Petrovina;Petrovina;Petrovina;Petrovina;Petrovina;Petrovina;Rondonopolis;Rondonopolis;Rondonopolis;Rondonopolis;Rondonopolis;Rondonopolis;Rondonopolis;Rondonopolis;Rondonopolis;Rondonopolis;Rondonopolis;Rondonopolis;Rondonopolis;Rondonopolis;Rondonopolis;Rondonopolis;Rondonopolis;Rondonopolis;Rondonopolis;Rondonopolis;Rondonopolis;Rondonopolis;Rondonopolis;Rondonopolis;Rondonopolis;Rondonopolis;Rondonopolis;Rondonopolis;Rondonopolis;Rondonopolis;Rondonopolis;Rondonopolis;Rondonopolis;Rondonopolis;Rondonopolis;Rondonopolis;Rondonopolis;Rondonopolis;Rondonopolis;Rondonopolis;Rondonopolis;Rondonopolis;Rondonopolis;Rondonopolis;Rondonopolis;Rondonopolis;Rondonopolis;Rondonopolis;Rondonopolis;Rondonopolis;Rondonopolis;Rondonopolis;Rondonopolis;Rondonopolis;Rondonopolis;Rondonopolis;Rondonopolis;Rondonopolis;Rondonopolis;Rondonopolis;Rondonopolis;Rondonopolis;Rondonopolis;Rondonopolis;Rondonopolis;Rondonopolis;Rondonopolis;Rondonopolis;Rondonopolis;Rondonopolis;Rondonopolis;Rondonopolis;Rondonopolis;Rondonopolis;Rondonopolis;Rondonopolis;Rondonopolis;Rondonopolis;Rondonopolis;Rondonopolis;Rondonopolis;Rondonopolis;Rondonopolis;Rondonopolis;Movel;Movel;Movel;Movel;Sorriso;Sorriso;Sorriso;Sorriso;Sorriso;Sorriso;Sorriso;Sorriso;Sorriso;Sorriso;Sorriso;Sorriso;Sorriso;Sorriso;Sorriso;Sorriso;Sorriso;Sorriso;Sorriso;Sorriso;Sorriso;Sorriso;Sorriso;Sorriso;Sinop;Sinop;Sinop;Sinop;Sinop;Sinop;Sinop;Sinop;Sinop;Sinop;Sinop;Sinop;Sinop;Sinop;Sinop;Sinop;Sinop;Sinop;Sinop;Sinop;Sinop;Sinop;Sinop;Sinop;Santana do Araguaia;Santana do Araguaia;Santana do Araguaia;Santana do Araguaia;Santana do Araguaia;Santana do Araguaia;Santana do Araguaia;Santana do Araguaia;Santana do Araguaia;Santana do Araguaia;Santana do Araguaia;Santana do Araguaia;Santana do Araguaia;Santana do Araguaia;Santana do Araguaia;Santana do Araguaia;Varzea Grande;Varzea Grande;Varzea Grande;Varzea Grande;Varzea Grande;Varzea Grande;Varzea Grande;Varzea Grande;Varzea Grande;Varzea Grande;Varzea Grande;Varzea Grande;Varzea Grande;Varzea Grande;Varzea Grande;Varzea Grande
;MTBN--CNPA-01P-EAE;MTBN--CNPA-01P-EAR;MTBN--CNPA-01P-ERE;MTBN--CNPA-01P-ERR;MTBN--CNPA-01R-EAE;MTBN--CNPA-01R-EAR;MTBN--CNPA-01R-ERE;MTBN--CNPA-01R-ERR;MTBN--SZAL-02P-EAE;MTBN--SZAL-02P-EAR;MTBN--SZAL-02P-ERE;MTBN--SZAL-02P-ERR;MTBN--SZAL-02R-EAE;MTBN--SZAL-02R-EAR;MTBN--SZAL-02R-ERE;MTBN--SZAL-02R-ERR;MTBP--BGA1-02P-EAE;MTBP--BGA1-02P-EAR;MTBP--BGA1-02P-ERE;MTBP--BGA1-02P-ERR;MTBP--BGA1-02R-EAE;MTBP--BGA1-02R-EAR;MTBP--BGA1-02R-ERE;MTBP--BGA1-02R-ERR;MTBP--BGA2-03P-EAE;MTBP--BGA2-03P-EAR;MTBP--BGA2-03P-ERE;MTBP--BGA2-03P-ERR;MTBP--BGA2-03R-EAE;MTBP--BGA2-03R-EAR;MTBP--BGA2-03R-ERE;MTBP--BGA2-03R-ERR;MTBP--TR06T01P-EAE;MTBP--TR06T01P-EAR;MTBP--TR06T01P-ERE;MTBP--TR06T01P-ERR;MTCAN-LD1CN01P-EAE;MTCAN-LD1CN01P-EAR;MTCAN-LD1CN01P-ERE;MTCAN-LD1CN01P-ERR;MTCAN-LD1CN01R-EAE;MTCAN-LD1CN01R-EAR;MTCAN-LD1CN01R-ERE;MTCAN-LD1CN01R-ERR;MTCAN-LD2CN02P-EAE;MTCAN-LD2CN02P-EAR;MTCAN-LD2CN02P-ERE;MTCAN-LD2CN02P-ERR;MTCAN-LD2CN02R-EAE;MTCAN-LD2CN02R-EAR;MTCAN-LD2CN02R-ERE;MTCAN-LD2CN02R-ERR;MTCM--FERRO02P-EAE;MTCM--FERRO02P-EAR;MTCM--FERRO02P-ERE;MTCM--FERRO02P-ERR;MTCM--FERRO02R-EAE;MTCM--FERRO02R-EAR;MTCM--FERRO02R-ERE;MTCM--FERRO02R-ERR;MTCM--TF50101P-EAE;MTCM--TF50101P-EAR;MTCM--TF50101P-ERE;MTCM--TF50101P-ERR;MTCM--TF50101R-EAE;MTCM--TF50101R-EAR;MTCM--TF50101R-ERE;MTCM--TF50101R-ERR;MTCX--CA---04P-EAE;MTCX--CA---04P-EAR;MTCX--CA---04P-ERE;MTCX--CA---04P-ERR;MTCX--CA---04R-EAE;MTCX--CA---04R-EAR;MTCX--CA---04R-ERE;MTCX--CA---04R-ERR;MTCX--CB1--02P-EAE;MTCX--CB1--02P-EAR;MTCX--CB1--02P-ERE;MTCX--CB1--02P-ERR;MTCX--CB1--02R-EAE;MTCX--CB1--02R-EAR;MTCX--CB1--02R-ERE;MTCX--CB1--02R-ERR;MTCX--CB2--03P-EAE;MTCX--CB2--03P-EAR;MTCX--CB2--03P-ERE;MTCX--CB2--03P-ERR;MTCX--CB2--03R-EAE;MTCX--CB2--03R-EAR;MTCX--CB2--03R-ERE;MTCX--CB2--03R-ERR;MTCX--SECOX06P-EAE;MTCX--SECOX06P-EAR;MTCX--SECOX06P-ERE;MTCX--SECOX06P-ERR;MTCX--SECOX06R-EAE;MTCX--SECOX06R-EAR;MTCX--SECOX06R-ERE;MTCX--SECOX06R-ERR;MTCX--USCU-01P-EAE;MTCX--USCU-01P-EAR;MTCX--USCU-01P-ERE;MTCX--USCU-01P-ERR;MTCX--USCU-01R-EAE;MTCX--USCU-01R-EAR;MTCX--USCU-01R-ERE;MTCX--USCU-01R-ERR;MTCX--VG---05P-EAE;MTCX--VG---05P-EAR;MTCX--VG---05P-ERE;MTCX--VG---05P-ERR;MTCX--VG---05R-EAE;MTCX--VG---05R-EAR;MTCX--VG---05R-ERE;MTCX--VG---05R-ERR;MTDA--ARPN-01P-EAE;MTDA--ARPN-01P-EAR;MTDA--ARPN-01P-ERE;MTDA--ARPN-01P-ERR;MTDA--ARPN-01R-EAE;MTDA--ARPN-01R-EAR;MTDA--ARPN-01R-ERE;MTDA--ARPN-01R-ERR;MTJB--LTPMP01P-EAE;MTJB--LTPMP01P-EAR;MTJB--LTPMP01P-ERE;MTJB--LTPMP01P-ERR;MTJB--LTPMP01R-EAE;MTJB--LTPMP01R-EAR;MTJB--LTPMP01R-ERE;MTJB--LTPMP01R-ERR;MTJRA-ENTR101P-EAE;MTJRA-ENTR101P-EAR;MTJRA-ENTR101P-ERE;MTJRA-ENTR101P-ERR;MTJRA-ENTR101R-EAE;MTJRA-ENTR101R-EAR;MTJRA-ENTR101R-ERE;MTJRA-ENTR101R-ERR;MTJRA-ENTR202P-EAE;MTJRA-ENTR202P-EAR;MTJRA-ENTR202P-ERE;MTJRA-ENTR202P-ERR;MTJRA-ENTR202R-EAE;MTJRA-ENTR202R-EAR;MTJRA-ENTR202R-ERE;MTJRA-ENTR202R-ERR;MTJU--ATF1-05P-EAE;MTJU--ATF1-05P-EAR;MTJU--ATF1-05P-ERE;MTJU--ATF1-05P-ERR;MTJU--ATF1-05R-EAE;MTJU--ATF1-05R-EAR;MTJU--ATF1-05R-ERE;MTJU--ATF1-05R-ERR;MTJU--ATF2-08P-EAE;MTJU--ATF2-08P-EAR;MTJU--ATF2-08P-ERE;MTJU--ATF2-08P-ERR;MTJU--ATF2-08R-EAE;MTJU--ATF2-08R-EAR;MTJU--ATF2-08R-ERE;MTJU--ATF2-08R-ERR;MTJUI-ALJUI03P-EAE;MTJUI-ALJUI03P-EAR;MTJUI-ALJUI03P-ERE;MTJUI-ALJUI03P-ERR;MTJUI-ALJUI03R-EAE;MTJUI-ALJUI03R-EAR;MTJUI-ALJUI03R-ERE;MTJUI-ALJUI03R-ERR;MTLC--LT1--03P-EAE;MTLC--LT1--03P-EAR;MTLC--LT1--03P-ERE;MTLC--LT1--03P-ERR;MTLC--LT1--03R-EAE;MTLC--LT1--03R-EAR;MTLC--LT1--03R-ERE;MTLC--LT1--03R-ERR;MTNB--NOB1-02P-EAE;MTNB--NOB1-02P-EAR;MTNB--NOB1-02P-ERE;MTNB--NOB1-02P-ERR;MTNB--NOB1-02R-EAE;MTNB--NOB1-02R-EAR;MTNB--NOB1-02R-ERE;MTNB--NOB1-02R-ERR;MTNB--NOB2-03P-EAE;MTNB--NOB2-03P-EAR;MTNB--NOB2-03P-ERE;MTNB--NOB2-03P-ERR;MTNB--NOB2-03R-EAE;MTNB--NOB2-03R-EAR;MTNB--NOB2-03R-ERE;MTNB--NOB2-03R-ERR;MTNM--TR01-01P-EAE;MTNM--TR01-01P-EAR;MTNM--TR01-01P-ERE;MTNM--TR01-01P-ERR;MTNM--TR01-01R-EAE;MTNM--TR01-01R-EAR;MTNM--TR01-01R-ERE;MTNM--TR01-01R-ERR;MTNM--TR02-02P-EAE;MTNM--TR02-02P-EAR;MTNM--TR02-02P-ERE;MTNM--TR02-02P-ERR;MTNM--TR02-02R-EAE;MTNM--TR02-02R-EAR;MTNM--TR02-02R-ERE;MTNM--TR02-02R-ERR;MTNM--TR03-03P-EAE;MTNM--TR03-03P-EAR;MTNM--TR03-03P-ERE;MTNM--TR03-03P-ERR;MTNM--TR03-03R-EAE;MTNM--TR03-03R-EAR;MTNM--TR03-03R-ERE;MTNM--TR03-03R-ERR;MTPRT-LD1SP04P-EAE;MTPRT-LD1SP04P-EAR;MTPRT-LD1SP04P-ERE;MTPRT-LD1SP04P-ERR;MTPTV-ENTR101P-EAE;MTPTV-ENTR101P-EAR;MTPTV-ENTR101P-ERE;MTPTV-ENTR101P-ERR;MTPTV-ENTR101R-EAE;MTPTV-ENTR101R-EAR;MTPTV-ENTR101R-ERE;MTPTV-ENTR101R-ERR;MTRP--BUNGE15P-EAE;MTRP--BUNGE15P-EAR;MTRP--BUNGE15P-ERE;MTRP--BUNGE15P-ERR;MTRP--BUNGE15R-EAE;MTRP--BUNGE15R-EAR;MTRP--BUNGE15R-ERE;MTRP--BUNGE15R-ERR;MTRP--LTITB11P-EAE;MTRP--LTITB11P-EAR;MTRP--LTITB11P-ERE;MTRP--LTITB11P-ERR;MTRP--LTITB11R-EAE;MTRP--LTITB11R-EAR;MTRP--LTITB11R-ERE;MTRP--LTITB11R-ERR;MTRP--PRIMA12P-EAE;MTRP--PRIMA12P-EAR;MTRP--PRIMA12P-ERE;MTRP--PRIMA12P-ERR;MTRP--PRIMA12R-EAE;MTRP--PRIMA12R-EAR;MTRP--PRIMA12R-ERE;MTRP--PRIMA12R-ERR;MTRP--SEADM07P-EAE;MTRP--SEADM07P-EAR;MTRP--SEADM07P-ERE;MTRP--SEADM07P-ERR;MTRP--SERON04P-EAE;MTRP--SERON04P-EAR;MTRP--SERON04P-ERE;MTRP--SERON04P-ERR;MTRP--SERON04R-EAE;MTRP--SERON04R-EAR;MTRP--SERON04R-ERE;MTRP--SERON04R-ERR;MTRP--SOZIN13P-EAE;MTRP--SOZIN13P-EAR;MTRP--SOZIN13P-ERE;MTRP--SOZIN13P-ERR;MTRP--SOZIN13R-EAE;MTRP--SOZIN13R-EAR;MTRP--SOZIN13R-ERE;MTRP--SOZIN13R-ERR;MTRP--TFERR14P-EAE;MTRP--TFERR14P-EAR;MTRP--TFERR14P-ERE;MTRP--TFERR14P-ERR;MTRP--TFERR14R-EAE;MTRP--TFERR14R-EAR;MTRP--TFERR14R-ERE;MTRP--TFERR14R-ERR;MTRP--TR1--01P-EAE;MTRP--TR1--01P-EAR;MTRP--TR1--01P-ERE;MTRP--TR1--01P-ERR;MTRP--TR1--01R-EAE;MTRP--TR1--01R-EAR;MTRP--TR1--01R-ERE;MTRP--TR1--01R-ERR;MTRP--TR2--02P-EAE;MTRP--TR2--02P-EAR;MTRP--TR2--02P-ERE;MTRP--TR2--02P-ERR;MTRP--TR2--02R-EAE;MTRP--TR2--02R-EAR;MTRP--TR2--02R-ERE;MTRP--TR2--02R-ERR;MTRP--TR3--03P-EAE;MTRP--TR3--03P-EAR;MTRP--TR3--03P-ERE;MTRP--TR3--03P-ERR;MTRP--TR3--03R-EAE;MTRP--TR3--03R-EAR;MTRP--TR3--03R-ERE;MTRP--TR3--03R-ERR;MTRP--TR4--16P-EAE;MTRP--TR4--16P-EAR;MTRP--TR4--16P-ERE;MTRP--TR4--16P-ERR;MTRP--TR4--16R-EAE;MTRP--TR4--16R-EAR;MTRP--TR4--16R-ERE;MTRP--TR4--16R-ERR;MTSEMOVEL2-EMT-EAE;MTSEMOVEL2-EMT-EAR;MTSEMOVEL2-EMT-ERE;MTSEMOVEL2-EMT-ERR;MTSOR-TR1-101P-EAE;MTSOR-TR1-101P-EAR;MTSOR-TR1-101P-ERE;MTSOR-TR1-101P-ERR;MTSOR-TR1-101R-EAE;MTSOR-TR1-101R-EAR;MTSOR-TR1-101R-ERE;MTSOR-TR1-101R-ERR;MTSOR-TR2-202P-EAE;MTSOR-TR2-202P-EAR;MTSOR-TR2-202P-ERE;MTSOR-TR2-202P-ERR;MTSOR-TR2-202R-EAE;MTSOR-TR2-202R-EAR;MTSOR-TR2-202R-ERE;MTSOR-TR2-202R-ERR;MTSOR-TR3-303P-EAE;MTSOR-TR3-303P-EAR;MTSOR-TR3-303P-ERE;MTSOR-TR3-303P-ERR;MTSOR-TR3-303R-EAE;MTSOR-TR3-303R-EAR;MTSOR-TR3-303R-ERE;MTSOR-TR3-303R-ERR;MTSP--SI2--03P-EAE;MTSP--SI2--03P-EAR;MTSP--SI2--03P-ERE;MTSP--SI2--03P-ERR;MTSP--SI2--03R-EAE;MTSP--SI2--03R-EAR;MTSP--SI2--03R-ERE;MTSP--SI2--03R-ERR;MTSP--SINP-02P-EAE;MTSP--SINP-02P-EAR;MTSP--SINP-02P-ERE;MTSP--SINP-02P-ERR;MTSP--SINP-02R-EAE;MTSP--SINP-02R-EAR;MTSP--SINP-02R-ERE;MTSP--SINP-02R-ERR;MTSP--SINP204P-EAE;MTSP--SINP204P-EAR;MTSP--SINP204P-ERE;MTSP--SINP204P-ERR;MTSP--SINP204R-EAE;MTSP--SINP204R-EAR;MTSP--SINP204R-ERE;MTSP--SINP204R-ERR;MTSTARLTVR101P-EAE;MTSTARLTVR101P-EAR;MTSTARLTVR101P-ERE;MTSTARLTVR101P-ERR;MTSTARLTVR101R-EAE;MTSTARLTVR101R-EAR;MTSTARLTVR101R-ERE;MTSTARLTVR101R-ERR;MTSTARLTVR202P-EAE;MTSTARLTVR202P-EAR;MTSTARLTVR202P-ERE;MTSTARLTVR202P-ERR;MTSTARLTVR202R-EAE;MTSTARLTVR202R-EAR;MTSTARLTVR202R-ERE;MTSTARLTVR202R-ERR;MTVG--VGR--01P-EAE;MTVG--VGR--01P-EAR;MTVG--VGR--01P-ERE;MTVG--VGR--01P-ERR;MTVG--VGR--01R-EAE;MTVG--VGR--01R-EAR;MTVG--VGR--01R-ERE;MTVG--VGR--01R-ERR;MTVG-1VGR2-02P-EAE;MTVG-1VGR2-02P-EAR;MTVG-1VGR2-02P-ERE;MTVG-1VGR2-02P-ERR;MTVG-1VGR2-02R-EAE;MTVG-1VGR2-02R-EAR;MTVG-1VGR2-02R-ERE;MTVG-1VGR2-02R-ERR
01/01/2024 00:00;0;856,0936279;0;954,3283691;#N/D;#N/D;#N/D;#N/D;0;1298,458496;0;554,4735718;#N/D;#N/D;#N/D;#N/D;1553,603027;0;0;1611,686768;#N/D;#N/D;#N/D;#N/D;1546,258911;0;0;1604,742432;#N/D;#N/D;#N/D;#N/D;172,0869751;0;68,33831787;0;1451,781006;0;0;706,1849365;#N/D;#N/D;#N/D;#N/D;1452,352783;0;0;659,4067383;#N/D;#N/D;#N/D;#N/D;764,9794922;0;0;301,3038025;#N/D;#N/D;#N/D;#N/D;242,9406128;0;0;5,529493332;#N/D;#N/D;#N/D;#N/D;7369,269043;0;996,6052856;0;#N/D;#N/D;#N/D;#N/D;3605,979248;0;236,6510773;0;#N/D;#N/D;#N/D;#N/D;3687,448486;0;197,8709564;0;#N/D;#N/D;#N/D;#N/D;2911,945557;0;1443,984253;0;#N/D;#N/D;#N/D;#N/D;4403,134277;0;406,7272034;0;#N/D;#N/D;#N/D;#N/D;4280,253906;0;807,8807983;0;#N/D;#N/D;#N/D;#N/D;55,45047379;0;0;824,3438721;#N/D;#N/D;#N/D;#N/D;0;4410,863281;98,48890686;0;#N/D;#N/D;#N/D;#N/D;0;436,6847534;484,626709;0;#N/D;#N/D;#N/D;#N/D;299,8513794;0;266,7455444;0;#N/D;#N/D;#N/D;#N/D;0;6402,599609;4236,077637;0;#N/D;#N/D;#N/D;#N/D;0;6356,266602;4134,976563;0;#N/D;#N/D;#N/D;#N/D;1368,280396;0;244,0245209;0;#N/D;#N/D;#N/D;#N/D;1957,491089;0;0,072896779;11,91067791;#N/D;#N/D;#N/D;#N/D;2364,598389;0;0;1227,167725;#N/D;#N/D;#N/D;#N/D;2376,636475;0;0;1239,171997;#N/D;#N/D;#N/D;#N/D;68,8800354;0;0;242,3126984;#N/D;#N/D;#N/D;#N/D;73,24875641;0;0;208,9533386;#N/D;#N/D;#N/D;#N/D;93,09052277;0;0;287,035614;#N/D;#N/D;#N/D;#N/D;2593,108643;0;0;1792,623901;210,0543671;0;0;50,21825409;#N/D;#N/D;#N/D;#N/D;2272;0;941,9999999;0;#N/D;#N/D;#N/D;#N/D;131,9999999;0;0;28,99999987;#N/D;#N/D;#N/D;#N/D;2777,606201;0;0;1793,509521;#N/D;#N/D;#N/D;#N/D;848,7363281;0;136,8574982;0;1648,321289;0;610,0418091;0;#N/D;#N/D;#N/D;#N/D;0;1224;0;44,00000006;#N/D;#N/D;#N/D;#N/D;229;0;0;110;#N/D;#N/D;#N/D;#N/D;1073,899292;0;551,2915039;0;#N/D;#N/D;#N/D;#N/D;904,7489014;0;313,5997925;0;#N/D;#N/D;#N/D;#N/D;913,0838623;0;59,53040695;0;#N/D;#N/D;#N/D;#N/D;1131,142944;0;604,2731323;0;#N/D;#N/D;#N/D;#N/D;#N/D;#N/D;#N/D;#N/D;924,4610596;0;0;221,7839661;#N/D;#N/D;#N/D;#N/D;982,2075806;0;0;232,9219055;#N/D;#N/D;#N/D;#N/D;961,7966919;0;0;228,2551727;#N/D;#N/D;#N/D;#N/D;2804,343506;0;201,3172302;0;#N/D;#N/D;#N/D;#N/D;1861,793579;0;0;1847,334595;#N/D;#N/D;#N/D;#N/D;1857,950684;0;0;1852,406494;#N/D;#N/D;#N/D;#N/D;808,8900757;0;0;338,2996216;#N/D;#N/D;#N/D;#N/D;814,8654175;0;0;334,0673523;#N/D;#N/D;#N/D;#N/D;4088,739014;0;1460,764282;0;#N/D;#N/D;#N/D;#N/D;4166,273926;0;1411,44397;0;#N/D;#N/D;#N/D;#N/D
01/01/2024 00:05;0;855,0629272;0;949,6817627;#N/D;#N/D;#N/D;#N/D;0;1282,758545;0;557,1470947;#N/D;#N/D;#N/D;#N/D;1551,045288;0;0;1613,056641;#N/D;#N/D;#N/D;#N/D;1543,732056;0;0;1606,056763;#N/D;#N/D;#N/D;#N/D;171,5606079;0;67,66496277;0;1390,88269;0;0;699,1654663;#N/D;#N/D;#N/D;#N/D;1387,306519;0;0;654,361145;#N/D;#N/D;#N/D;#N/D;757,1557007;0;0;304,1799316;#N/D;#N/D;#N/D;#N/D;241,694931;0;0;7,929908276;#N/D;#N/D;#N/D;#N/D;7357,513672;0;1004,242371;0;#N/D;#N/D;#N/D;#N/D;3600,73999;0;228,7834778;0;#N/D;#N/D;#N/D;#N/D;3689,751709;0;195,2987366;0;#N/D;#N/D;#N/D;#N/D;2908,80957;0;1446,996094;0;#N/D;#N/D;#N/D;#N/D;4397,321777;0;400,8312988;0;#N/D;#N/D;#N/D;#N/D;4268,571777;0;794,1987915;0;#N/D;#N/D;#N/D;#N/D;44,70510864;0,184279025;0;834,5982666;#N/D;#N/D;#N/D;#N/D;0;4407,853027;104,5746689;0;#N/D;#N/D;#N/D;#N/D;0;445,3348694;486,7915649;0;#N/D;#N/D;#N/D;#N/D;294,4790344;0;267,4773865;0;#N/D;#N/D;#N/D;#N/D;0;6373,598145;4250,032227;0;#N/D;#N/D;#N/D;#N/D;0;6327,338379;4149,301758;0;#N/D;#N/D;#N/D;#N/D;1357,171875;0;240,5310364;0;#N/D;#N/D;#N/D;#N/D;1933,796265;0;6,688109398;0,028686408;#N/D;#N/D;#N/D;#N/D;2367,056885;0;0;1231,809326;#N/D;#N/D;#N/D;#N/D;2380,058838;0;0;1242,596069;#N/D;#N/D;#N/D;#N/D;99,65399933;0;0;238,227951;#N/D;#N/D;#N/D;#N/D;82,06815338;0;0;211,2722778;#N/D;#N/D;#N/D;#N/D;71,32746887;0;0;289,2704468;#N/D;#N/D;#N/D;#N/D;2589,062988;0;0;1795,822144;207,3740692;0;0;52,4500618;#N/D;#N/D;#N/D;#N/D;2278;0;950;0;#N/D;#N/D;#N/D;#N/D;135,9999999;0;0;28,99999987;#N/D;#N/D;#N/D;#N/D;2800,54126;0;0;1794,500977;#N/D;#N/D;#N/D;#N/D;848,6403809;0;136,927948;0;1653,757324;0;611,6948853;0;#N/D;#N/D;#N/D;#N/D;0;1215;0;49,00000003;#N/D;#N/D;#N/D;#N/D;249;0;0;106;#N/D;#N/D;#N/D;#N/D;1073,4198;0;546,9277954;0;#N/D;#N/D;#N/D;#N/D;898,4481812;0;312,9549561;0;#N/D;#N/D;#N/D;#N/D;906,0043335;0;54,84807587;0;#N/D;#N/D;#N/D;#N/D;1132,482544;0;603,6451416;0;#N/D;#N/D;#N/D;#N/D;#N/D;#N/D;#N/D;#N/D;923,927063;0;0;222,1158905;#N/D;#N/D;#N/D;#N/D;984,8306885;0;0;233,0658264;#N/D;#N/D;#N/D;#N/D;961,5811768;0;0;228,6591034;#N/D;#N/D;#N/D;#N/D;2814,074951;0;203,7034912;0;#N/D;#N/D;#N/D;#N/D;1851,047852;0;0;1853,706177;#N/D;#N/D;#N/D;#N/D;1848,726196;0;0;1858,704102;#N/D;#N/D;#N/D;#N/D;881,3513184;0;0;350,9883728;#N/D;#N/D;#N/D;#N/D;895,5656738;0;0;347,0036316;#N/D;#N/D;#N/D;#N/D;4081,314453;0;1457,737427;0;#N/D;#N/D;#N/D;#N/D;4158,260742;0;1407,948608;0;#N/D;#N/D;#N/D;#N/D
01/01/2024 00:10;0;850,7662964;0;948,425354;#N/D;#N/D;#N/D;#N/D;0;1287,367188;0;558,6358032;#N/D;#N/D;#N/D;#N/D;1524,818848;0;0;1613,152588;#N/D;#N/D;#N/D;#N/D;1518,139893;0;0;1606,06665;#N/D;#N/D;#N/D;#N/D;172,3541565;0;66,99336243;0;1333,92395;0;0;688,71698;#N/D;#N/D;#N/D;#N/D;1337,206055;0;0;643,5059814;#N/D;#N/D;#N/D;#N/D;753,9678955;0;0;306,9627991;#N/D;#N/D;#N/D;#N/D;236,3006592;0;0;12,06691837;#N/D;#N/D;#N/D;#N/D;7336,60498;0;997,4381714;0;#N/D;#N/D;#N/D;#N/D;3590,467529;0;225,3158417;0;#N/D;#N/D;#N/D;#N/D;3677,619385;0;189,4996796;0;#N/D;#N/D;#N/D;#N/D;2897,505371;0;1442,494629;0;#N/D;#N/D;#N/D;#N/D;4394,245117;0;383,9521179;0;#N/D;#N/D;#N/D;#N/D;4258,381348;0;792,5965576;0;#N/D;#N/D;#N/D;#N/D;41,51486206;0;0;832,6615601;#N/D;#N/D;#N/D;#N/D;0;4390,745117;95,75934601;0;#N/D;#N/D;#N/D;#N/D;0;448,5717773;485,168396;0;#N/D;#N/D;#N/D;#N/D;290,8356934;0;266,0562744;0;#N/D;#N/D;#N/D;#N/D;0;6357,996582;4241,38623;0;#N/D;#N/D;#N/D;#N/D;0;6311,958008;4141,39502;0;#N/D;#N/D;#N/D;#N/D;1349,711182;0;237,0267639;0;#N/D;#N/D;#N/D;#N/D;1954,92688;0;1,486687422;1,947097659;#N/D;#N/D;#N/D;#N/D;2366,644043;0;0;1230,980469;#N/D;#N/D;#N/D;#N/D;2379,173584;0;0;1242,376343;#N/D;#N/D;#N/D;#N/D;75,13526154;0;0;237,6465759;#N/D;#N/D;#N/D;#N/D;105,1216965;0;0;206,9047089;#N/D;#N/D;#N/D;#N/D;116,161644;0;0;287,4772339;#N/D;#N/D;#N/D;#N/D;2570,151855;0;0;1800,885864;205,6473083;0;0;52,74717712;#N/D;#N/D;#N/D;#N/D;2290;0;948,0000001;0;#N/D;#N/D;#N/D;#N/D;131,9999999;0;0;31,00000003;#N/D;#N/D;#N/D;#N/D;2788,292725;0;0;1800,466187;#N/D;#N/D;#N/D;#N/D;851,8345947;0;139,2230072;0;1652,703979;0;603,9759521;0;#N/D;#N/D;#N/D;#N/D;0;1204;0;65,00000002;#N/D;#N/D;#N/D;#N/D;239;0;0;120;#N/D;#N/D;#N/D;#N/D;1076,738525;0;543,1538696;0;#N/D;#N/D;#N/D;#N/D;903,8306274;0;313,5515442;0;#N/D;#N/D;#N/D;#N/D;898,7703247;0;45,80511856;0;#N/D;#N/D;#N/D;#N/D;1136,542603;0;603,9290161;0;#N/D;#N/D;#N/D;#N/D;#N/D;#N/D;#N/D;#N/D;929,7296753;0;0;222,0906372;#N/D;#N/D;#N/D;#N/D;985,6254272;0;0;233,8530731;#N/D;#N/D;#N/D;#N/D;966,81073;0;0;228,7147675;#N/D;#N/D;#N/D;#N/D;2894,478516;0;190,3436584;0;#N/D;#N/D;#N/D;#N/D;1837,475586;0;0;1854,592407;#N/D;#N/D;#N/D;#N/D;1836,937866;0;0;1860,529907;#N/D;#N/D;#N/D;#N/D;956,1971436;0;0;356,0774841;#N/D;#N/D;#N/D;#N/D;957,041748;0;0;349,6987305;#N/D;#N/D;#N/D;#N/D;4068,036621;0;1447,114014;0;#N/D;#N/D;#N/D;#N/D;4148,585938;0;1399,556519;0;#N/D;#N/D;#N/D;#N/D
01/01/2024 00:15;0;847,1829834;0;949,3792725;#N/D;#N/D;#N/D;#N/D;0;1295,751709;0;559,0362549;#N/D;#N/D;#N/D;#N/D;1470,634766;0;0;1619,804932;#N/D;#N/D;#N/D;#N/D;1464,274414;0;0;1612,725342;#N/D;#N/D;#N/D;#N/D;169,557312;0;65,58850861;0;1319,372681;0;0;677,8754883;#N/D;#N/D;#N/D;#N/D;1327,519775;0;0;635,4577637;#N/D;#N/D;#N/D;#N/D;757,6815796;0;0;303,7553711;#N/D;#N/D;#N/D;#N/D;235,4392242;0;0;11,98490238;#N/D;#N/D;#N/D;#N/D;7328,620117;0;981,5942383;0;#N/D;#N/D;#N/D;#N/D;3591,793701;0;221,9885864;0;#N/D;#N/D;#N/D;#N/D;3662,833496;0;183,8677673;0;#N/D;#N/D;#N/D;#N/D;2892,244873;0;1431,898926;0;#N/D;#N/D;#N/D;#N/D;4376,663574;0;377,7293701;0;#N/D;#N/D;#N/D;#N/D;4253,727539;0;806,1033936;0;#N/D;#N/D;#N/D;#N/D;48,1926651;0;0;820,8110962;#N/D;#N/D;#N/D;#N/D;0;4400,721191;94,3640976;0;#N/D;#N/D;#N/D;#N/D;0;428,5426636;480,5806274;0;#N/D;#N/D;#N/D;#N/D;293,8510742;0;268,8269348;0;#N/D;#N/D;#N/D;#N/D;0;6377,445801;4240,182617;0;#N/D;#N/D;#N/D;#N/D;0;6331,646973;4139,412598;0;#N/D;#N/D;#N/D;#N/D;1345,077637;0;232,7631683;0;#N/D;#N/D;#N/D;#N/D;1929,112793;0;1,423822761;2,890406132;#N/D;#N/D;#N/D;#N/D;2357,233154;0;0;1228,661865;#N/D;#N/D;#N/D;#N/D;2368,94873;0;0;1239,634766;#N/D;#N/D;#N/D;#N/D;75,40386963;0;0;241,3845367;#N/D;#N/D;#N/D;#N/D;80,72882843;0;0;207,4098663;#N/D;#N/D;#N/D;#N/D;92,90190887;0;0;283,9016418;#N/D;#N/D;#N/D;#N/D;2559,255371;0;0;1804,423096;202,1048889;0;0;53,88027954;#N/D;#N/D;#N/D;#N/D;2275;0;930,0000001;0;#N/D;#N/D;#N/D;#N/D;135,9999999;0;0;28,99999987;#N/D;#N/D;#N/D;#N/D;2774,705811;0;0;1803,585571;#N/D;#N/D;#N/D;#N/D;848,2235107;0;135,2753143;0;1639,332764;0;595,8814087;0;#N/D;#N/D;#N/D;#N/D;0;1226;0;83,99999995;#N/D;#N/D;#N/D;#N/D;215,0000001;0;0;124;#N/D;#N/D;#N/D;#N/D;1057,366089;0;533,7294312;0;#N/D;#N/D;#N/D;#N/D;900,8684082;0;311,0651855;0;#N/D;#N/D;#N/D;#N/D;889,8528442;0;41,37380981;0;#N/D;#N/D;#N/D;#N/D;1121,463501;0;591,9384155;0;#N/D;#N/D;#N/D;#N/D;#N/D;#N/D;#N/D;#N/D;922,0018311;0;0;222,0093994;#N/D;#N/D;#N/D;#N/D;979,9466553;0;0;232,7368469;#N/D;#N/D;#N/D;#N/D;959,3609619;0;0;228,4674225;#N/D;#N/D;#N/D;#N/D;2884,188721;0;195,949585;0;#N/D;#N/D;#N/D;#N/D;1809,43457;0;0;1852,876465;#N/D;#N/D;#N/D;#N/D;1813,139648;0;0;1859,55249;#N/D;#N/D;#N/D;#N/D;939,692749;0;0;422,8783264;#N/D;#N/D;#N/D;#N/D;937,0220337;0;0;429,6459045;#N/D;#N/D;#N/D;#N/D;4060,450195;0;1447,233643;0;#N/D;#N/D;#N/D;#N/D;4137,104492;0;1399,496826;0;#N/D;#N/D;#N/D;#N/D
01/01/2024 00:20;0;845,1547852;0;956,8840942;#N/D;#N/D;#N/D;#N/D;0;1342,669678;0;564,1225586;#N/D;#N/D;#N/D;#N/D;1435,018433;0;0;1614,230591;#N/D;#N/D;#N/D;#N/D;1428,632935;0;0;1607,15564;#N/D;#N/D;#N/D;#N/D;167,7032471;0;64,3824234;0;1307,225342;0;0;674,9221191;#N/D;#N/D;#N/D;#N/D;1312,768311;0;0;632,6056519;#N/D;#N/D;#N/D;#N/D;752,4161987;0;0;305,467804;#N/D;#N/D;#N/D;#N/D;238,1295013;0;0;10,29991722;#N/D;#N/D;#N/D;#N/D;7316,397949;0;976,8912354;0;#N/D;#N/D;#N/D;#N/D;3582,971191;0;218,8143768;0;#N/D;#N/D;#N/D;#N/D;3655,438965;0;189,0641632;0;#N/D;#N/D;#N/D;#N/D;2892,923096;0;1438,666016;0;#N/D;#N/D;#N/D;#N/D;4367,87793;0;383,2458496;0;#N/D;#N/D;#N/D;#N/D;4255,935547;0;808,644104;0;#N/D;#N/D;#N/D;#N/D;43,97691727;0;0;815,4953003;#N/D;#N/D;#N/D;#N/D;0;4420,422852;95,7564621;0;#N/D;#N/D;#N/D;#N/D;0;427,3131104;476,8110962;0;#N/D;#N/D;#N/D;#N/D;288,80896;0;265,4771729;0;#N/D;#N/D;#N/D;#N/D;0;6407,513184;4244,138184;0;#N/D;#N/D;#N/D;#N/D;0;6362,160156;4142,240723;0;#N/D;#N/D;#N/D;#N/D;1333,362305;0;229,8506317;0;#N/D;#N/D;#N/D;#N/D;1901,134888;0;0,120459184;7,433723927;#N/D;#N/D;#N/D;#N/D;2346,289551;0;0;1223,931152;#N/D;#N/D;#N/D;#N/D;2357,437256;0;0;1234,394653;#N/D;#N/D;#N/D;#N/D;92,59036255;0;0;243,754776;#N/D;#N/D;#N/D;#N/D;82,46927643;0;0;210,320694;#N/D;#N/D;#N/D;#N/D;87,00038147;0;0;289,1667786;#N/D;#N/D;#N/D;#N/D;2531,792725;0;0;1804,986572;202,6608582;0;0;54,3895874;#N/D;#N/D;#N/D;#N/D;2255;0;922;0;#N/D;#N/D;#N/D;#N/D;140,9999999;0;0;26,00000006;#N/D;#N/D;#N/D;#N/D;2765,693115;0;0;1843,827026;#N/D;#N/D;#N/D;#N/D;849,097168;0;136,1726837;0;1636,796875;0;594,0971069;0;#N/D;#N/D;#N/D;#N/D;0;1238;0;76,00000003;#N/D;#N/D;#N/D;#N/D;189;0;0;128;#N/D;#N/D;#N/D;#N/D;1062,966675;0;535,5635986;0;#N/D;#N/D;#N/D;#N/D;897,4117432;0;305,5116577;0;#N/D;#N/D;#N/D;#N/D;891,5925293;0;46,46180725;0;#N/D;#N/D;#N/D;#N/D;1119,275146;0;592,8533936;0;#N/D;#N/D;#N/D;#N/D;#N/D;#N/D;#N/D;#N/D;918,0150146;0;0;220,4425812;#N/D;#N/D;#N/D;#N/D;974,3927612;0;0;230,9425659;#N/D;#N/D;#N/D;#N/D;954,7462158;0;0;226,8232574;#N/D;#N/D;#N/D;#N/D;2791,256348;0;214,5805359;0;#N/D;#N/D;#N/D;#N/D;1798,918213;0;0;1858,885132;#N/D;#N/D;#N/D;#N/D;1794,839233;0;0;1862,392822;#N/D;#N/D;#N/D;#N/D;949,4196167;0;0;441,2918701;#N/D;#N/D;#N/D;#N/D;952,923645;0;0;435,3986511;#N/D;#N/D;#N/D;#N/D;4056,763428;0;1449,348999;0;#N/D;#N/D;#N/D;#N/D;4135,225098;0;1401,620239;0;#N/D;#N/D;#N/D;#N/D
01/01/2024 00:25;0;838,0358276;0;965,9124756;#N/D;#N/D;#N/D;#N/D;0;1349,106689;0;566,043335;#N/D;#N/D;#N/D;#N/D;1430,407593;0;0;1612,825073;#N/D;#N/D;#N/D;#N/D;1423,818726;0;0;1605,64563;#N/D;#N/D;#N/D;#N/D;166,622818;0;64,58059692;0;1300,244751;0;0;671,4506836;#N/D;#N/D;#N/D;#N/D;1308,903442;0;0;628,9852295;#N/D;#N/D;#N/D;#N/D;752,8048706;0;0;305,1758118;#N/D;#N/D;#N/D;#N/D;236,9788971;0;0;11,6472311;#N/D;#N/D;#N/D;#N/D;7296,197266;0;977,7141113;0;#N/D;#N/D;#N/D;#N/D;3568,603516;0;211,7936096;0;#N/D;#N/D;#N/D;#N/D;3639,619385;0;191,214035;0;#N/D;#N/D;#N/D;#N/D;2891,188965;0;1439,379395;0;#N/D;#N/D;#N/D;#N/D;4361,367676;0;388,4628601;0;#N/D;#N/D;#N/D;#N/D;4242,783203;0;787,2709961;0;#N/D;#N/D;#N/D;#N/D;43,77973175;0;0;818,8215942;#N/D;#N/D;#N/D;#N/D;0;4442,14209;91,1889267;0;#N/D;#N/D;#N/D;#N/D;0;426,8849182;476,5847778;0;#N/D;#N/D;#N/D;#N/D;288,7904663;0;264,5865479;0;#N/D;#N/D;#N/D;#N/D;0;6456,103027;4249,953613;0;#N/D;#N/D;#N/D;#N/D;0;6410,381348;4146,286133;0;#N/D;#N/D;#N/D;#N/D;1320,823853;0;226,5314484;0;#N/D;#N/D;#N/D;#N/D;1919,775146;0;0,199446753;5,165431499;#N/D;#N/D;#N/D;#N/D;2331,518311;0;0;1216,105103;#N/D;#N/D;#N/D;#N/D;2343,080078;0;0;1227,029175;#N/D;#N/D;#N/D;#N/D;98,85809326;0;0;245,3618317;#N/D;#N/D;#N/D;#N/D;103,3884735;0;0;213,6190643;#N/D;#N/D;#N/D;#N/D;99,700737;0;0;290,2107849;#N/D;#N/D;#N/D;#N/D;2534,59082;0;0;1803,657837;201,659668;0;0;54,10571671;#N/D;#N/D;#N/D;#N/D;2252;0;921,0000001;0;#N/D;#N/D;#N/D;#N/D;131,9999999;0;0;31,99999997;#N/D;#N/D;#N/D;#N/D;2750,924805;0;0;1854,234009;#N/D;#N/D;#N/D;#N/D;842,7356567;0;141,8998566;0;1631,72644;0;594,7174683;0;#N/D;#N/D;#N/D;#N/D;0;1250;0;72;#N/D;#N/D;#N/D;#N/D;216,9999999;0;0;125,0000001;#N/D;#N/D;#N/D;#N/D;1067,997314;0;536,5221558;0;#N/D;#N/D;#N/D;#N/D;885,8948364;0;301,7590942;0;#N/D;#N/D;#N/D;#N/D;879,9875488;0;46,64268494;0;#N/D;#N/D;#N/D;#N/D;1112,545288;0;591,1282349;0;#N/D;#N/D;#N/D;#N/D;#N/D;#N/D;#N/D;#N/D;909,385376;0;0;219,3484955;#N/D;#N/D;#N/D;#N/D;964,3900146;0;0;230,0918579;#N/D;#N/D;#N/D;#N/D;945,6947632;0;0;225,7650909;#N/D;#N/D;#N/D;#N/D;2850,907227;0;197,5834198;0;#N/D;#N/D;#N/D;#N/D;1786,55835;0;0;1857,300293;#N/D;#N/D;#N/D;#N/D;1783,212524;0;0;1864,328857;#N/D;#N/D;#N/D;#N/D;959,1556396;0;0;435,0047302;#N/D;#N/D;#N/D;#N/D;958,4527588;0;0;429,6244812;#N/D;#N/D;#N/D;#N/D;4062,499512;0;1452,502197;0;#N/D;#N/D;#N/D;#N/D;4138,588867;0;1403,578125;0;#N/D;#N/D;#N/D;#N/D
01/01/2024 00:30;0;914,8612671;0;975,1560059;#N/D;#N/D;#N/D;#N/D;0;1356,19397;0;561,6682129;#N/D;#N/D;#N/D;#N/D;1418,102783;0;0;1609,19397;#N/D;#N/D;#N/D;#N/D;1411,655396;0;0;1602,086426;#N/D;#N/D;#N/D;#N/D;168,2814331;0;65,16773987;0;1309,33728;0;0;668,3681641;#N/D;#N/D;#N/D;#N/D;1319,658691;0;0;626,7333984;#N/D;#N/D;#N/D;#N/D;755,6992188;0;0;304,1966553;#N/D;#N/D;#N/D;#N/D;235,071167;0;0;12,91131687;#N/D;#N/D;#N/D;#N/D;7293,820313;0;981,72052;0;#N/D;#N/D;#N/D;#N/D;3559,281494;0;214,9992371;0;#N/D;#N/D;#N/D;#N/D;3638,67749;0;189,3859253;0;#N/D;#N/D;#N/D;#N/D;2889,265381;0;1440,675659;0;#N/D;#N/D;#N/D;#N/D;4349,38916;0;397,3032532;0;#N/D;#N/D;#N/D;#N/D;4228,693848;0;774,9871216;0;#N/D;#N/D;#N/D;#N/D;42,93925476;0;0;818,1286011;#N/D;#N/D;#N/D;#N/D;0;4466,516602;91,33730316;0;#N/D;#N/D;#N/D;#N/D;0;417,2939758;474,6382141;0;#N/D;#N/D;#N/D;#N/D;282,3079834;0;265,7845764;0;#N/D;#N/D;#N/D;#N/D;0;6485,911621;4256,07373;0;#N/D;#N/D;#N/D;#N/D;0;6440,593262;4151,209961;0;#N/D;#N/D;#N/D;#N/D;1313,675415;0;226,338623;0;#N/D;#N/D;#N/D;#N/D;1883,966797;0;2,987401724;0,930356026;#N/D;#N/D;#N/D;#N/D;2320,203613;0;0;1216,858887;#N/D;#N/D;#N/D;#N/D;2331,419189;0;0;1227,126587;#N/D;#N/D;#N/D;#N/D;91,43415833;0;0;243,7792053;#N/D;#N/D;#N/D;#N/D;103,7494736;0;0;214,346756;#N/D;#N/D;#N/D;#N/D;118,0829163;0;0;294,0386353;#N/D;#N/D;#N/D;#N/D;2520,408936;0;0;1802,459595;198,7643738;0;0;55,80736542;#N/D;#N/D;#N/D;#N/D;2247;0;925,0000001;0;#N/D;#N/D;#N/D;#N/D;135;0;0;27,99999994;#N/D;#N/D;#N/D;#N/D;2753,033691;0;0;1849,680786;#N/D;#N/D;#N/D;#N/D;844,1004028;0;141,9517975;0;1631,44458;0;596,5887451;0;#N/D;#N/D;#N/D;#N/D;0;1274;0;65,00000002;#N/D;#N/D;#N/D;#N/D;225;0;0;123;#N/D;#N/D;#N/D;#N/D;1068,459351;0;537,9371338;0;#N/D;#N/D;#N/D;#N/D;896,0945435;0;306,8849487;0;#N/D;#N/D;#N/D;#N/D;884,3842163;0;55,26417542;0;#N/D;#N/D;#N/D;#N/D;1118,948853;0;592,9516602;0;#N/D;#N/D;#N/D;#N/D;#N/D;#N/D;#N/D;#N/D;899,7120361;0;0;218,9563141;#N/D;#N/D;#N/D;#N/D;955,8690796;0;0;229,476532;#N/D;#N/D;#N/D;#N/D;935,9503174;0;0;225,0528259;#N/D;#N/D;#N/D;#N/D;2761,525879;0;203,5894928;0;#N/D;#N/D;#N/D;#N/D;1770,464844;0;0;1859,027954;#N/D;#N/D;#N/D;#N/D;1770,944214;0;0;1863,927979;#N/D;#N/D;#N/D;#N/D;960,2035522;0;0;434,6816101;#N/D;#N/D;#N/D;#N/D;960,7681885;0;0;429,1202393;#N/D;#N/D;#N/D;#N/D;4062,036377;0;1456,256714;0;#N/D;#N/D;#N/D;#N/D;4137,821777;0;1408,21875;0;#N/D;#N/D;#N/D;#N/D
01/01/2024 00:35;0;952,8031006;0;1023,690125;#N/D;#N/D;#N/D;#N/D;0;1353,003784;0;557,8140259;#N/D;#N/D;#N/D;#N/D;1420,065796;0;0;1606,485229;#N/D;#N/D;#N/D;#N/D;1413,322876;0;0;1599,45813;#N/D;#N/D;#N/D;#N/D;168,7376556;0;64,81666565;0;1323,735229;0;0;667,9413452;#N/D;#N/D;#N/D;#N/D;1333,457764;0;0;625,1880493;#N/D;#N/D;#N/D;#N/D;760,1160889;0;0;301,8594666;#N/D;#N/D;#N/D;#N/D;234,3132782;0;0;13,15090466;#N/D;#N/D;#N/D;#N/D;7281,820801;0;990,6703491;0;#N/D;#N/D;#N/D;#N/D;3544,224609;0;219,0189209;0;#N/D;#N/D;#N/D;#N/D;3629,326172;0;191,823288;0;#N/D;#N/D;#N/D;#N/D;2883,45752;0;1438,150146;0;#N/D;#N/D;#N/D;#N/D;4332,61377;0;393,3945313;0;#N/D;#N/D;#N/D;#N/D;4224,109863;0;782,7698975;0;#N/D;#N/D;#N/D;#N/D;42,75170135;0;0;815,1084595;#N/D;#N/D;#N/D;#N/D;0;4477,375977;92,64632416;0;#N/D;#N/D;#N/D;#N/D;0;399,1336975;471,6109924;0;#N/D;#N/D;#N/D;#N/D;283,6982117;0;266,1064148;0;#N/D;#N/D;#N/D;#N/D;0;6506,120117;4264,641113;0;#N/D;#N/D;#N/D;#N/D;0;6460,544434;4158,731445;0;#N/D;#N/D;#N/D;#N/D;1303,792969;0;221,2786102;0;#N/D;#N/D;#N/D;#N/D;1920,201904;0;0,714701116;7,16498661;#N/D;#N/D;#N/D;#N/D;2312,931152;0;0;1214,304932;#N/D;#N/D;#N/D;#N/D;2324,963867;0;0;1225,640137;#N/D;#N/D;#N/D;#N/D;85,11220551;0;0;242,763855;#N/D;#N/D;#N/D;#N/D;98,90765381;0;0;212,6704102;#N/D;#N/D;#N/D;#N/D;105,0173187;0;0;292,1916809;#N/D;#N/D;#N/D;#N/D;2493,968262;0;0;1806,902344;199,6192322;0;0;40,06982803;#N/D;#N/D;#N/D;#N/D;2249;0;927;0;#N/D;#N/D;#N/D;#N/D;135,9999999;0;0;26,00000006;#N/D;#N/D;#N/D;#N/D;2749,8396;0;0;1845,11084;#N/D;#N/D;#N/D;#N/D;838,0222168;0;133,5776367;0;1630,55188;0;595,345459;0;#N/D;#N/D;#N/D;#N/D;0;1269;0;72;#N/D;#N/D;#N/D;#N/D;197,0000001;0;0;128;#N/D;#N/D;#N/D;#N/D;1074,040894;0;539,1741943;0;#N/D;#N/D;#N/D;#N/D;890,0860596;0;306,6875916;0;#N/D;#N/D;#N/D;#N/D;924,5505981;0;77,76715851;0;#N/D;#N/D;#N/D;#N/D;1117,833008;0;592,4716187;0;#N/D;#N/D;#N/D;#N/D;#N/D;#N/D;#N/D;#N/D;894,8597412;0;0;219,867981;#N/D;#N/D;#N/D;#N/D;950,3096924;0;0;230,5949554;#N/D;#N/D;#N/D;#N/D;930,8966675;0;0;226,2262878;#N/D;#N/D;#N/D;#N/D;2820,313477;0;193,3512573;0;#N/D;#N/D;#N/D;#N/D;1755,650269;0;0;1863,396973;#N/D;#N/D;#N/D;#N/D;1752,275757;0;0;1868,65271;#N/D;#N/D;#N/D;#N/D;948,2154541;0;0;428,5219727;#N/D;#N/D;#N/D;#N/D;946,6261597;0;0;422,9275513;#N/D;#N/D;#N/D;#N/D;4055,560547;0;1454,101318;0;#N/D;#N/D;#N/D;#N/D;4129,493652;0;1405,336182;0;#N/D;#N/D;#N/D;#N/D
01/01/2024 00:40;0;960,7716675;0;1020,388184;#N/D;#N/D;#N/D;#N/D;0;1362,846069;0;552,8275757;#N/D;#N/D;#N/D;#N/D;1430,936646;0;0;1602,613525;#N/D;#N/D;#N/D;#N/D;1424,193848;0;0;1595,50293;#N/D;#N/D;#N/D;#N/D;168,6106262;0;65,14221954;0;1331,278442;0;0;666,7086792;#N/D;#N/D;#N/D;#N/D;1339,075317;0;0;624,7497559;#N/D;#N/D;#N/D;#N/D;765,026062;0;0;301,0809021;#N/D;#N/D;#N/D;#N/D;230,4770813;0;0;11,96103668;#N/D;#N/D;#N/D;#N/D;7257,402344;0;986,190979;0;#N/D;#N/D;#N/D;#N/D;3542,530029;0;216,418869;0;#N/D;#N/D;#N/D;#N/D;3624,786865;0;192,1208038;0;#N/D;#N/D;#N/D;#N/D;2879,137207;0;1434,624756;0;#N/D;#N/D;#N/D;#N/D;4331,175293;0;397,3970032;0;#N/D;#N/D;#N/D;#N/D;4234,404297;0;795,618103;0;#N/D;#N/D;#N/D;#N/D;31,36179924;0;0;819,2221069;#N/D;#N/D;#N/D;#N/D;0;4485,421875;89,96089935;0;#N/D;#N/D;#N/D;#N/D;0;402,9749146;470,4024048;0;#N/D;#N/D;#N/D;#N/D;280,8138733;0;265,9872131;0;#N/D;#N/D;#N/D;#N/D;0;6537,61377;4259,374512;0;#N/D;#N/D;#N/D;#N/D;0;6492,125977;4152,474121;0;#N/D;#N/D;#N/D;#N/D;1293,38562;0;224,9450073;0;#N/D;#N/D;#N/D;#N/D;1895,578369;0;0;11,01129532;#N/D;#N/D;#N/D;#N/D;2301,94873;0;0;1211,105835;#N/D;#N/D;#N/D;#N/D;2313,283203;0;0;1221,312988;#N/D;#N/D;#N/D;#N/D;68,91983032;0;0;243,5982361;#N/D;#N/D;#N/D;#N/D;91,04441833;0;0;212,0888214;#N/D;#N/D;#N/D;#N/D;102,905899;0;0;290,3815002;#N/D;#N/D;#N/D;#N/D;2492,617432;0;0;1808,850098;201,9718475;0;0;28,89174271;#N/D;#N/D;#N/D;#N/D;2238;0;922;0;#N/D;#N/D;#N/D;#N/D;135;0;0;31,99999997;#N/D;#N/D;#N/D;#N/D;2727,313232;0;0;1849,292725;#N/D;#N/D;#N/D;#N/D;831,6640015;0;127,7086411;0;1618,691406;0;590,8010254;0;#N/D;#N/D;#N/D;#N/D;0;1280;0;69,00000005;#N/D;#N/D;#N/D;#N/D;183;0;0;129;#N/D;#N/D;#N/D;#N/D;1055,335571;0;530,5198975;0;#N/D;#N/D;#N/D;#N/D;889,161377;0;306,0607605;0;#N/D;#N/D;#N/D;#N/D;951,2293701;0;94,0714798;0;#N/D;#N/D;#N/D;#N/D;1114,028076;0;589,6994019;0;#N/D;#N/D;#N/D;#N/D;#N/D;#N/D;#N/D;#N/D;892,3908081;0;0;216,0217285;#N/D;#N/D;#N/D;#N/D;947,8071899;0;0;226,0105438;#N/D;#N/D;#N/D;#N/D;928,3249512;0;0;221,9160919;#N/D;#N/D;#N/D;#N/D;2867,065674;0;175,3088684;0;#N/D;#N/D;#N/D;#N/D;1746,882813;0;0;1859,947266;#N/D;#N/D;#N/D;#N/D;1744,514038;0;0;1866,696167;#N/D;#N/D;#N/D;#N/D;938,1477661;0;0;427,6947632;#N/D;#N/D;#N/D;#N/D;936,9857788;0;0;421,9579468;#N/D;#N/D;#N/D;#N/D;4055,705078;0;1456,696777;0;#N/D;#N/D;#N/D;#N/D;4130,266113;0;1408,520142;0;#N/D;#N/D;#N/D;#N/D
01/01/2024 00:45;0;966,2653809;0;1013,288452;#N/D;#N/D;#N/D;#N/D;0;1362,052979;0;554,7818604;#N/D;#N/D;#N/D;#N/D;1451,91748;0;0;1602,665771;#N/D;#N/D;#N/D;#N/D;1444,898193;0;0;1595,570557;#N/D;#N/D;#N/D;#N/D;169,8296814;0;64,69081116;0;1323,760132;0;0;668,2095947;#N/D;#N/D;#N/D;#N/D;1329,229248;0;0;626,1234741;#N/D;#N/D;#N/D;#N/D;757,171875;0;0;305,0738831;#N/D;#N/D;#N/D;#N/D;226,4470367;0;0;13,12420464;#N/D;#N/D;#N/D;#N/D;7239,200195;0;980,715332;0;#N/D;#N/D;#N/D;#N/D;3535,117188;0;218,9902191;0;#N/D;#N/D;#N/D;#N/D;3623,254883;0;196,1824188;0;#N/D;#N/D;#N/D;#N/D;2869,880127;0;1427,497803;0;#N/D;#N/D;#N/D;#N/D;4329,895996;0;402,9619446;0;#N/D;#N/D;#N/D;#N/D;4233,265137;0;803,6228638;0;#N/D;#N/D;#N/D;#N/D;34,13446045;0;0;815,942627;#N/D;#N/D;#N/D;#N/D;0;4499,595703;32,18359375;4,685425282;#N/D;#N/D;#N/D;#N/D;0;400,360321;470,3338623;0;#N/D;#N/D;#N/D;#N/D;276,1173096;0;264,2128906;0;#N/D;#N/D;#N/D;#N/D;0;6531,369629;4127,873535;0;#N/D;#N/D;#N/D;#N/D;0;6486,239258;4024,173096;0;#N/D;#N/D;#N/D;#N/D;1286,346436;0;222,4981995;0;#N/D;#N/D;#N/D;#N/D;1915,982666;0;0,003585105;17,0356617;#N/D;#N/D;#N/D;#N/D;2296,8125;0;0;1209,068481;#N/D;#N/D;#N/D;#N/D;2309,118408;0;0;1219,250244;#N/D;#N/D;#N/D;#N/D;50,13090134;0;0;244,7449188;#N/D;#N/D;#N/D;#N/D;74,36346436;0;0;212,7655029;#N/D;#N/D;#N/D;#N/D;84,6270752;0;0;291,7349243;#N/D;#N/D;#N/D;#N/D;2486,968506;0;0;1809,990601;197,3872528;0;0;29,90777397;#N/D;#N/D;#N/D;#N/D;2217;0;913;0;#N/D;#N/D;#N/D;#N/D;138,0000001;0;0;28,99999987;#N/D;#N/D;#N/D;#N/D;2707,913818;0;0;1846,012695;#N/D;#N/D;#N/D;#N/D;839,9257813;0;132,6954651;0;1613,448608;0;588,0836182;0;#N/D;#N/D;#N/D;#N/D;0;1283;0;72;#N/D;#N/D;#N/D;#N/D;206,0000001;0;0;130;#N/D;#N/D;#N/D;#N/D;1057,861938;0;531,1629639;0;#N/D;#N/D;#N/D;#N/D;878,7996216;0;301,5361328;0;#N/D;#N/D;#N/D;#N/D;991,6062622;0;95,26847839;0;#N/D;#N/D;#N/D;#N/D;1109,863159;0;588,8201904;0;#N/D;#N/D;#N/D;#N/D;#N/D;#N/D;#N/D;#N/D;891,8953857;0;0;214,8071594;#N/D;#N/D;#N/D;#N/D;949,4650269;0;0;225,1448669;#N/D;#N/D;#N/D;#N/D;928,2181396;0;0;220,9441833;#N/D;#N/D;#N/D;#N/D;2894,46875;0;172,9220886;0;#N/D;#N/D;#N/D;#N/D;1736,765381;0;0;1861,933716;#N/D;#N/D;#N/D;#N/D;1733,142944;0;0;1866,641846;#N/D;#N/D;#N/D;#N/D;942,6743774;0;0;427,4523315;#N/D;#N/D;#N/D;#N/D;945,8061523;0;0;422,2106323;#N/D;#N/D;#N/D;#N/D;4051,594238;0;1455,460449;0;#N/D;#N/D;#N/D;#N/D;4125,630859;0;1406,442871;0;#N/D;#N/D;#N/D;#N/D
01/01/2024 00:50;0;965,9319458;0;996,4711914;#N/D;#N/D;#N/D;#N/D;0;1382,945923;0;565,2799072;#N/D;#N/D;#N/D;#N/D;1458,009766;0;0;1604,39978;#N/D;#N/D;#N/D;#N/D;1451,31311;0;0;1597,200562;#N/D;#N/D;#N/D;#N/D;170,2032776;0;64,06495667;0;1311,33313;0;0;667,9364014;#N/D;#N/D;#N/D;#N/D;1319,378906;0;0;625,727417;#N/D;#N/D;#N/D;#N/D;753,9880981;0;0;306,3628235;#N/D;#N/D;#N/D;#N/D;229,1827545;0;0;10,78921413;#N/D;#N/D;#N/D;#N/D;7234,925781;0;981,5320435;0;#N/D;#N/D;#N/D;#N/D;3528,230225;0;219,497406;0;#N/D;#N/D;#N/D;#N/D;3611,423584;0;192,7121277;0;#N/D;#N/D;#N/D;#N/D;2866,072998;0;1419,520874;0;#N/D;#N/D;#N/D;#N/D;4313,831543;0;276,0102844;59,1746521;#N/D;#N/D;#N/D;#N/D;4223,648438;0;805,2346802;0;#N/D;#N/D;#N/D;#N/D;27,38238335;0;0;819,0180664;#N/D;#N/D;#N/D;#N/D;0;4457,607422;6,944992542;3,594648838;#N/D;#N/D;#N/D;#N/D;0;402,3479919;469,3121033;0;#N/D;#N/D;#N/D;#N/D;273,8511963;0;266,8305054;0;#N/D;#N/D;#N/D;#N/D;0;6527,311523;4103,179199;0;#N/D;#N/D;#N/D;#N/D;0;6482,300293;4000,423584;0;#N/D;#N/D;#N/D;#N/D;1278,372681;0;221,7333527;0;#N/D;#N/D;#N/D;#N/D;1940,16394;0;0;14,0444212;#N/D;#N/D;#N/D;#N/D;2307,50708;0;0;1166,702026;#N/D;#N/D;#N/D;#N/D;2321,261475;0;0;1172,582886;#N/D;#N/D;#N/D;#N/D;66,84644318;0;0;243,1027222;#N/D;#N/D;#N/D;#N/D;56,58069992;0;0;214,0867615;#N/D;#N/D;#N/D;#N/D;63,91166687;0;0;292,2637329;#N/D;#N/D;#N/D;#N/D;2482,152588;0;0;1814,087891;196,8543854;0;0;26,13138962;#N/D;#N/D;#N/D;#N/D;2212;0;909,9999999;0;#N/D;#N/D;#N/D;#N/D;139;0;0;28,99999987;#N/D;#N/D;#N/D;#N/D;2704,939697;0;0;1847,680664;#N/D;#N/D;#N/D;#N/D;841,1293945;0;133,6773071;0;1609,297852;0;586,1821899;0;#N/D;#N/D;#N/D;#N/D;0;1260;0;78,00000005;#N/D;#N/D;#N/D;#N/D;225,9999999;0;0;120;#N/D;#N/D;#N/D;#N/D;1064,220093;0;534,8366089;0;#N/D;#N/D;#N/D;#N/D;897,9115601;0;316,5520325;0;#N/D;#N/D;#N/D;#N/D;1000,598083;0;102,9117813;0;#N/D;#N/D;#N/D;#N/D;1107,458618;0;586,6618652;0;#N/D;#N/D;#N/D;#N/D;#N/D;#N/D;#N/D;#N/D;888,8052368;0;0;216,3290558;#N/D;#N/D;#N/D;#N/D;944,4968872;0;0;227,1051788;#N/D;#N/D;#N/D;#N/D;924,9262085;0;0;222,502533;#N/D;#N/D;#N/D;#N/D;2859,39502;0;173,736618;0;#N/D;#N/D;#N/D;#N/D;1730,609253;0;0;1866,2677;#N/D;#N/D;#N/D;#N/D;1726,679199;0;0;1871,573242;#N/D;#N/D;#N/D;#N/D;967,1664429;0;0;428,5718079;#N/D;#N/D;#N/D;#N/D;968,5871582;0;0;423,7059937;#N/D;#N/D;#N/D;#N/D;4057,394531;0;1498,969604;0;#N/D;#N/D;#N/D;#N/D;4138,066406;0;1520,694946;0;#N/D;#N/D;#N/D;#N/D
01/01/2024 00:55;0;990,1256714;0;1005,523865;#N/D;#N/D;#N/D;#N/D;0;1400,3927;0;568,0203857;#N/D;#N/D;#N/D;#N/D;1450,345947;0;0;1604,732422;#N/D;#N/D;#N/D;#N/D;1443,712646;0;0;1597,655151;#N/D;#N/D;#N/D;#N/D;169,0906067;0;63,45855713;0;1323,886963;0;0;665,984314;#N/D;#N/D;#N/D;#N/D;1333,638916;0;0;624,0690918;#N/D;#N/D;#N/D;#N/D;751,1021729;0;0;308,9847412;#N/D;#N/D;#N/D;#N/D;229,595871;0;0;7,099630356;#N/D;#N/D;#N/D;#N/D;7238,169434;0;986,8519287;0;#N/D;#N/D;#N/D;#N/D;3527,537598;0;223,5074615;0;#N/D;#N/D;#N/D;#N/D;3603,677246;0;184,4104004;0;#N/D;#N/D;#N/D;#N/D;2862,236572;0;1417,755249;0;#N/D;#N/D;#N/D;#N/D;4301,821777;0;237,4799194;123,7303238;#N/D;#N/D;#N/D;#N/D;4221,091309;0;811,2922363;0;#N/D;#N/D;#N/D;#N/D;25,25520515;0;0;817,4527588;#N/D;#N/D;#N/D;#N/D;0;4605,324707;16,43148613;0,007221689;#N/D;#N/D;#N/D;#N/D;0;400,9090576;469,3045349;0;#N/D;#N/D;#N/D;#N/D;273,5899963;0;269,0291443;0;#N/D;#N/D;#N/D;#N/D;0;6578,899902;4125,408691;0;#N/D;#N/D;#N/D;#N/D;0;6533,857422;4020,346436;0;#N/D;#N/D;#N/D;#N/D;1265,628784;0;216,953949;0;#N/D;#N/D;#N/D;#N/D;1941,39917;0;0,011479373;11,62840557;#N/D;#N/D;#N/D;#N/D;2273,666992;0;0;1210,305786;#N/D;#N/D;#N/D;#N/D;2280,03125;0;0;1230,832275;#N/D;#N/D;#N/D;#N/D;49,22685623;0;0;239,2348175;#N/D;#N/D;#N/D;#N/D;74,50112152;0;0;211,6038055;#N/D;#N/D;#N/D;#N/D;74,21370697;0;0;292,5100708;#N/D;#N/D;#N/D;#N/D;2473,716309;0;0;1816,903442;193,3886719;0;0;21,66184998;#N/D;#N/D;#N/D;#N/D;2206;0;907,0000001;0;#N/D;#N/D;#N/D;#N/D;135;0;0;27,99999994;#N/D;#N/D;#N/D;#N/D;2693,282471;0;0;1849,156372;#N/D;#N/D;#N/D;#N/D;844,5257568;0;138,6651764;0;1606,236206;0;586,7521362;0;#N/D;#N/D;#N/D;#N/D;0;1266;0;74,00000002;#N/D;#N/D;#N/D;#N/D;184;0;0;131;#N/D;#N/D;#N/D;#N/D;1051,520996;0;529,6915283;0;#N/D;#N/D;#N/D;#N/D;923,1044312;0;330,2519836;0;#N/D;#N/D;#N/D;#N/D;925,8223267;0;127,1899719;0;#N/D;#N/D;#N/D;#N/D;1111,334595;0;589,6734619;0;#N/D;#N/D;#N/D;#N/D;#N/D;#N/D;#N/D;#N/D;887,6038208;0;0;215,142868;#N/D;#N/D;#N/D;#N/D;943,6104736;0;0;225,6262817;#N/D;#N/D;#N/D;#N/D;923,5515747;0;0;221,1785889;#N/D;#N/D;#N/D;#N/D;2792,915283;0;182,4694214;0;#N/D;#N/D;#N/D;#N/D;1715,704834;0;0;1867,587524;#N/D;#N/D;#N/D;#N/D;1714,803955;0;0;1873,199707;#N/D;#N/D;#N/D;#N/D;982,9154053;0;0;427,4622803;#N/D;#N/D;#N/D;#N/D;985,2900391;0;0;421,6929321;#N/D;#N/D;#N/D;#N/D;4091,29541;0;1941,113281;0;#N/D;#N/D;#N/D;#N/D;4157,547852;0;1776,575195;0;#N/D;#N/D;#N/D;#N/D
01/01/2024 01:00;0;1007,176025;0;1012,842834;#N/D;#N/D;#N/D;#N/D;0;1396,69812;0;563,6345215;#N/D;#N/D;#N/D;#N/D;1452,99292;0;0;1604,87854;#N/D;#N/D;#N/D;#N/D;1446,031372;0;0;1597,758667;#N/D;#N/D;#N/D;#N/D;167,8982239;0;62,86997223;0;1334,795166;0;0;666,8270874;#N/D;#N/D;#N/D;#N/D;1344,644653;0;0;624,6253662;#N/D;#N/D;#N/D;#N/D;755,6416626;0;0;306,6541443;#N/D;#N/D;#N/D;#N/D;230,2888641;0;0;6,735262394;#N/D;#N/D;#N/D;#N/D;7141,489258;0;617,3795776;0;#N/D;#N/D;#N/D;#N/D;3517,12085;0;220,907608;0;#N/D;#N/D;#N/D;#N/D;3566,671875;0;103,8820953;0;#N/D;#N/D;#N/D;#N/D;2834,995361;0;1375,995972;0;#N/D;#N/D;#N/D;#N/D;4389,033691;0;1010,50415;0;#N/D;#N/D;#N/D;#N/D;4221,528809;0;819,1310425;0;#N/D;#N/D;#N/D;#N/D;11,98006344;0;0;818,2299805;#N/D;#N/D;#N/D;#N/D;0;4788,205078;25,32388496;0;#N/D;#N/D;#N/D;#N/D;0;399,9705505;466,6845703;0;#N/D;#N/D;#N/D;#N/D;270,2758179;0;265,8709717;0;#N/D;#N/D;#N/D;#N/D;0;6608,084961;4131,843262;0;#N/D;#N/D;#N/D;#N/D;0;6562,893555;4025,611816;0;#N/D;#N/D;#N/D;#N/D;1259,579468;0;215,5596619;0;#N/D;#N/D;#N/D;#N/D;1888,930664;0;0,002391936;10,76548576;#N/D;#N/D;#N/D;#N/D;2241,633057;0;0;1254,146118;#N/D;#N/D;#N/D;#N/D;2252,958252;0;0;1264,86731;#N/D;#N/D;#N/D;#N/D;43,97847748;0;0;237,8477325;#N/D;#N/D;#N/D;#N/D;52,28757477;0;0;208,0080414;#N/D;#N/D;#N/D;#N/D;68,77146149;0;0;287,5610962;#N/D;#N/D;#N/D;#N/D;2453,824463;0;0;1816,182007;193,3032379;0;0;22,44682503;#N/D;#N/D;#N/D;#N/D;2206;0;907,0000001;0;#N/D;#N/D;#N/D;#N/D;138,0000001;0;0;28,99999987;#N/D;#N/D;#N/D;#N/D;2721,0271;0;0;1813,117554;#N/D;#N/D;#N/D;#N/D;843,3482666;0;136,6539917;0;1607,991455;0;587,2036743;0;#N/D;#N/D;#N/D;#N/D;0;1273;0;67,00000003;#N/D;#N/D;#N/D;#N/D;196;0;0;128;#N/D;#N/D;#N/D;#N/D;1059,293335;0;536,3345337;0;#N/D;#N/D;#N/D;#N/D;927,7573853;0;334,0703735;0;#N/D;#N/D;#N/D;#N/D;929,3395996;0;134,3564911;0;#N/D;#N/D;#N/D;#N/D;1103,244873;0;587,9472656;0;#N/D;#N/D;#N/D;#N/D;#N/D;#N/D;#N/D;#N/D;885,1854858;0;0;215,4241791;#N/D;#N/D;#N/D;#N/D;940,5498657;0;0;226,0189056;#N/D;#N/D;#N/D;#N/D;920,8783569;0;0;221,6203156;#N/D;#N/D;#N/D;#N/D;2800,496338;0;186,7835083;0;#N/D;#N/D;#N/D;#N/D;1710,798584;0;0;1871,838379;#N/D;#N/D;#N/D;#N/D;1706,797241;0;0;1875,681885;#N/D;#N/D;#N/D;#N/D;983,6186523;0;0;425,7991028;#N/D;#N/D;#N/D;#N/D;982,4381714;0;0;420,769043;#N/D;#N/D;#N/D;#N/D;4004,101318;0;925,4463501;0;#N/D;#N/D;#N/D;#N/D;4073,424072;0;848,2249756;0;#N/D;#N/D;#N/D;#N/D
01/01/2024 01:05;0;1009,96936;0;1013,956177;#N/D;#N/D;#N/D;#N/D;0;1410,595215;0;568,204834;#N/D;#N/D;#N/D;#N/D;1471,431519;0;0;1602,965088;#N/D;#N/D;#N/D;#N/D;1464,454956;0;0;1595,838623;#N/D;#N/D;#N/D;#N/D;165,330307;0;62,91298676;0;1349,434204;0;0;667,4394531;#N/D;#N/D;#N/D;#N/D;1358,955688;0;0;624,6765747;#N/D;#N/D;#N/D;#N/D;753,6894531;0;0;305,3259277;#N/D;#N/D;#N/D;#N/D;228,7912445;0;0;6,725278854;#N/D;#N/D;#N/D;#N/D;7268,001953;0;1182,551636;0;#N/D;#N/D;#N/D;#N/D;3509,137207;0;213,9326477;0;#N/D;#N/D;#N/D;#N/D;3604,633301;0;214,5147247;0;#N/D;#N/D;#N/D;#N/D;2863,13916;0;1438,63562;0;#N/D;#N/D;#N/D;#N/D;4360,243164;0;997,7015381;0;#N/D;#N/D;#N/D;#N/D;4225,676758;0;830,9572754;0;#N/D;#N/D;#N/D;#N/D;6,487607479;0,019586854;0;822,609314;#N/D;#N/D;#N/D;#N/D;0;4829,602539;32,37847519;0;#N/D;#N/D;#N/D;#N/D;0;399,8345032;469,3031921;0;#N/D;#N/D;#N/D;#N/D;272,3138428;0;270,5796204;0;#N/D;#N/D;#N/D;#N/D;0;6630,338867;4134,861816;0;#N/D;#N/D;#N/D;#N/D;0;6585,256836;4027,610352;0;#N/D;#N/D;#N/D;#N/D;1244,803589;0;212,3143311;0;#N/D;#N/D;#N/D;#N/D;1825,046143;0;0;13,68599892;#N/D;#N/D;#N/D;#N/D;2232,85791;0;0;1256,07019;#N/D;#N/D;#N/D;#N/D;2243,94873;0;0;1267,774536;#N/D;#N/D;#N/D;#N/D;28,13218689;0;0;239,1387634;#N/D;#N/D;#N/D;#N/D;50,30178452;0;0;206,7549744;#N/D;#N/D;#N/D;#N/D;52,48985672;0;0;285,2585144;#N/D;#N/D;#N/D;#N/D;2445,664551;0;0;1818,889282;196,2794037;0;0;21,8390522;#N/D;#N/D;#N/D;#N/D;2209;0;909,9999999;0;#N/D;#N/D;#N/D;#N/D;133,0000001;0;0;28,99999987;#N/D;#N/D;#N/D;#N/D;2703,843506;0;0;1866,255859;#N/D;#N/D;#N/D;#N/D;840,9997559;0;135,4983063;0;1605,356812;0;586,7768555;0;#N/D;#N/D;#N/D;#N/D;0;1277;0;67,00000003;#N/D;#N/D;#N/D;#N/D;234,9999999;0;0;121;#N/D;#N/D;#N/D;#N/D;1054,960449;0;533,6700439;0;#N/D;#N/D;#N/D;#N/D;910,9498291;0;329,6949158;0;#N/D;#N/D;#N/D;#N/D;918,8843384;0;129,960083;0;#N/D;#N/D;#N/D;#N/D;1103,016479;0;588,1482544;0;#N/D;#N/D;#N/D;#N/D;#N/D;#N/D;#N/D;#N/D;882,2963257;0;0;214,7201538;#N/D;#N/D;#N/D;#N/D;938,2081909;0;0;225,1859589;#N/D;#N/D;#N/D;#N/D;918,0040894;0;0;220,7586212;#N/D;#N/D;#N/D;#N/D;2768,18457;0;180,5496674;0;#N/D;#N/D;#N/D;#N/D;1701,018188;0;0;1875,399536;#N/D;#N/D;#N/D;#N/D;1697,068726;0;0;1881,457642;#N/D;#N/D;#N/D;#N/D;967,8338013;0;0;432,1348877;#N/D;#N/D;#N/D;#N/D;966,0043945;0;0;427,6577148;#N/D;#N/D;#N/D;#N/D;3990,223633;0;890,0831909;0;#N/D;#N/D;#N/D;#N/D;4057,823486;0;836,1557617;0;#N/D;#N/D;#N/D;#N/D
